Bytes downloaded(in lakhs),Time(in secs)
1,5.037
20,83.84806752204895
5,22.745599269866943
10,46.44452667236328
40,166.94915413856506
60,236.24861001968384
